<?xml version="1.0" encoding="UTF-8"?>
<!DOCTYPE suite SYSTEM "http://testng.org/testng-1.0.dtd">
<suite name="Suite">
    <listeners>
        <listener class-name="TestComponents.ReportListeners"/>
    </listeners>
    <test name="Nopcommerce user registration">
        <classes>
            <class name="Testcases.StandAloneTest">
                <methods>
                    <include name="bsAutomationTest"/>
                </methods>
            </class>
        </classes>
    </test>
</suite>